Method,Name,Error,Occurrences
POST,cards/[POST_XSS_CARD_CREATE],HTTPError('403 Client Error: Forbidden for url: cards/[POST_XSS_CARD_CREATE]'),2
GET,address/[GET_ADDRESS_ENUM_GET],HTTPError('500 Server Error: Internal Server Error for url: address/[GET_ADDRESS_ENUM_GET]'),3
GET,product_details/[GET_PRODUCT_ENUM_NONEXISTENT_GET],HTTPError('500 Server Error: Internal Server Error for url: product_details/[GET_PRODUCT_ENUM_NONEXISTENT_GET]'),6
GET,security_question_by_id/[GET_SEC_QUESTION_ENUM_GET],HTTPError('403 Client Error: Forbidden for url: security_question_by_id/[GET_SEC_QUESTION_ENUM_GET]'),2
PUT,basket_item/[PUT_UPDATE_BASKET_ITEM_NO_TOKEN_PUT],HTTPError('403 Client Error: Forbidden for url: basket_item/[PUT_UPDATE_BASKET_ITEM_NO_TOKEN_PUT]'),5
POST,password_reset/[POST_USER_ENUM_PASSWORD_RESET_NONEXISTENT_POST],HTTPError('403 Client Error: Forbidden for url: password_reset/[POST_USER_ENUM_PASSWORD_RESET_NONEXISTENT_POST]'),2
GET,address/[GET_ADDRESS_ENUM_NONEXISTENT_GET],HTTPError('500 Server Error: Internal Server Error for url: address/[GET_ADDRESS_ENUM_NONEXISTENT_GET]'),3
GET,/.git/config/[GET_FILE_ENUM],HTTPError('403 Client Error: Forbidden for url: /.git/config/[GET_FILE_ENUM]'),1
GET,feedback_by_id/[GET_FEEDBACK_ENUM_GET],HTTPError('401 Client Error: Unauthorized for url: feedback_by_id/[GET_FEEDBACK_ENUM_GET]'),6
POST,addresses/[POST_XSS_ADDRESS_CREATE],HTTPError('500 Server Error: Internal Server Error for url: addresses/[POST_XSS_ADDRESS_CREATE]'),6
GET,product_details/[GET_PRODUCT_ENUM_GET],HTTPError('403 Client Error: Forbidden for url: product_details/[GET_PRODUCT_ENUM_GET]'),3
POST,cards/[POST_ADD_CARD_NO_TOKEN_POST],HTTPError('401 Client Error: Unauthorized for url: cards/[POST_ADD_CARD_NO_TOKEN_POST]'),6
PUT,/upload/[PUT_PATH_TRAVERSAL_FILENAME_DOUBLE],HTTPError('403 Client Error: Forbidden for url: /upload/[PUT_PATH_TRAVERSAL_FILENAME_DOUBLE]'),2
POST,change_security_answer/[POST_CHANGE_SECURITY_ANSWER_NO_TOKEN_POST],HTTPError('500 Server Error: Internal Server Error for url: change_security_answer/[POST_CHANGE_SECURITY_ANSWER_NO_TOKEN_POST]'),2
POST,profile_image_url_upload/[POST_XSS_PROFILE_IMAGE_URL],HTTPError('500 Server Error: Internal Server Error for url: profile_image_url_upload/[POST_XSS_PROFILE_IMAGE_URL]'),3
POST,user_login/[POST_USER_ENUM_LOGIN_NONEXISTENT_POST],HTTPError('401 Client Error: Unauthorized for url: user_login/[POST_USER_ENUM_LOGIN_NONEXISTENT_POST]'),11
GET,privacy_request/[GET_PRIVACY_REQ_ENUM_NONEXISTENT_GET],HTTPError('401 Client Error: Unauthorized for url: privacy_request/[GET_PRIVACY_REQ_ENUM_NONEXISTENT_GET]'),1
POST,password_reset/[POST_USER_ENUM_PASSWORD_RESET_POST],HTTPError('403 Client Error: Forbidden for url: password_reset/[POST_USER_ENUM_PASSWORD_RESET_POST]'),2
POST,cards/[POST_ADD_CARD_NO_TOKEN_POST],HTTPError('403 Client Error: Forbidden for url: cards/[POST_ADD_CARD_NO_TOKEN_POST]'),2
PUT,address/[PUT_DT_ADDRESS_UPDATE_PUT],HTTPError('403 Client Error: Forbidden for url: address/[PUT_DT_ADDRESS_UPDATE_PUT]'),5
GET,product_details/[GET_PRODUCT_ENUM_GET],HTTPError('500 Server Error: Internal Server Error for url: product_details/[GET_PRODUCT_ENUM_GET]'),6
POST,product_reviews_by_id/[POST_XSS_PRODUCT_REVIEW_POST],HTTPError('500 Server Error: Internal Server Error for url: product_reviews_by_id/[POST_XSS_PRODUCT_REVIEW_POST]'),13
GET,/rest/admin/file-system/[DT_ADMIN_FILE_SYSTEM_PATH_DOUBLE],HTTPError('403 Client Error: Forbidden for url: /rest/admin/file-system/[DT_ADMIN_FILE_SYSTEM_PATH_DOUBLE]'),2
DELETE,memory_detail/[DELETE_DT_MEMORY_DELETE_PATH],HTTPError('403 Client Error: Forbidden for url: memory_detail/[DELETE_DT_MEMORY_DELETE_PATH]'),6
POST,feedbacks/[POST_SUBMIT_FEEDBACK_NO_TOKEN_POST],HTTPError('500 Server Error: Internal Server Error for url: feedbacks/[POST_SUBMIT_FEEDBACK_NO_TOKEN_POST]'),8
GET,challenge/[GET_CHALLENGE_ENUM_NONEXISTENT_GET],HTTPError('401 Client Error: Unauthorized for url: challenge/[GET_CHALLENGE_ENUM_NONEXISTENT_GET]'),4
GET,order/[GET_ORDER_ENUM_NONEXISTENT_GET],HTTPError('500 Server Error: Internal Server Error for url: order/[GET_ORDER_ENUM_NONEXISTENT_GET]'),7
GET,ftp_access/[GET_DT_GET_PATH_INJECT],HTTPError('403 Client Error: Forbidden for url: ftp_access/[GET_DT_GET_PATH_INJECT]'),3
GET,/package-lock.json/[GET_FILE_ENUM],HTTPError('403 Client Error: Forbidden for url: /package-lock.json/[GET_FILE_ENUM]'),1
GET,feedback_by_id/[GET_FEEDBACK_ENUM_NONEXISTENT_GET],HTTPError('401 Client Error: Unauthorized for url: feedback_by_id/[GET_FEEDBACK_ENUM_NONEXISTENT_GET]'),6
GET,product_search/[GET_XSS_FUZZ_GET],HTTPError('431 Client Error: Request Header Fields Too Large for url: product_search/[GET_XSS_FUZZ_GET]'),1
GET,file_system_access_challenge/[GET_DT_ADMIN_FILE_SYSTEM_QUERY],HTTPError('500 Server Error: Internal Server Error for url: file_system_access_challenge/[GET_DT_ADMIN_FILE_SYSTEM_QUERY]'),1
GET,feedback_by_id/[GET_FEEDBACK_ENUM_GET],HTTPError('403 Client Error: Forbidden for url: feedback_by_id/[GET_FEEDBACK_ENUM_GET]'),3
GET,file_download/[GET_FILE_DOWNLOAD_ENUM_QUERY],HTTPError('403 Client Error: Forbidden for url: file_download/[GET_FILE_DOWNLOAD_ENUM_QUERY]'),3
POST,/api/Products/{product_id}/upload/[XSS_FILE_UPLOAD_HTML_SINGLE],HTTPError('500 Server Error: Internal Server Error for url: /api/Products/{product_id}/upload/[XSS_FILE_UPLOAD_HTML_SINGLE]'),1
POST,privacy_requests/[POST_SUBMIT_PRIVACY_REQ_NO_TOKEN_POST],HTTPError('401 Client Error: Unauthorized for url: privacy_requests/[POST_SUBMIT_PRIVACY_REQ_NO_TOKEN_POST]'),2
GET,security_question_by_id/[GET_SEC_QUESTION_ENUM_NONEXISTENT_GET],HTTPError('403 Client Error: Forbidden for url: security_question_by_id/[GET_SEC_QUESTION_ENUM_NONEXISTENT_GET]'),2
GET,privacy_request/[GET_PRIVACY_REQ_ENUM_GET],HTTPError('401 Client Error: Unauthorized for url: privacy_request/[GET_PRIVACY_REQ_ENUM_GET]'),1
GET,feedback_by_id/[GET_FEEDBACK_ENUM_NONEXISTENT_GET],HTTPError('403 Client Error: Forbidden for url: feedback_by_id/[GET_FEEDBACK_ENUM_NONEXISTENT_GET]'),3
GET,challenge/[GET_CHALLENGE_ENUM_NONEXISTENT_GET],HTTPError('403 Client Error: Forbidden for url: challenge/[GET_CHALLENGE_ENUM_NONEXISTENT_GET]'),1
GET,ftp_access/[GET_DT_FTP_ACCESS_KNOWN_FILE],HTTPError('403 Client Error: Forbidden for url: ftp_access/[GET_DT_FTP_ACCESS_KNOWN_FILE]'),8
POST,user_login/[POST_USER_ENUM_LOGIN_POST],HTTPError('401 Client Error: Unauthorized for url: user_login/[POST_USER_ENUM_LOGIN_POST]'),11
GET,challenge/[GET_CHALLENGE_ENUM_GET],HTTPError('401 Client Error: Unauthorized for url: challenge/[GET_CHALLENGE_ENUM_GET]'),4
POST,password_reset/[POST_USER_ENUM_PASSWORD_RESET_POST],HTTPError('500 Server Error: Internal Server Error for url: password_reset/[POST_USER_ENUM_PASSWORD_RESET_POST]'),5
GET,memory_detail/[GET_MEMORY_ENUM_NONEXISTENT_GET],HTTPError('500 Server Error: Internal Server Error for url: memory_detail/[GET_MEMORY_ENUM_NONEXISTENT_GET]'),3
GET,order/[GET_ORDER_ENUM_NONEXISTENT_GET],HTTPError('403 Client Error: Forbidden for url: order/[GET_ORDER_ENUM_NONEXISTENT_GET]'),2
PUT,update_product/[PUT_CSRF_UPDATE_PRODUCT_NO_TOKEN_PUT],HTTPError('403 Client Error: Forbidden for url: update_product/[PUT_CSRF_UPDATE_PRODUCT_NO_TOKEN_PUT]'),3
DELETE,delete_product/[DELETE_CSRF_DELETE_PRODUCT_NO_TOKEN_DELETE],HTTPError('403 Client Error: Forbidden for url: delete_product/[DELETE_CSRF_DELETE_PRODUCT_NO_TOKEN_DELETE]'),2
GET,order/[GET_ORDER_ENUM_GET],HTTPError('403 Client Error: Forbidden for url: order/[GET_ORDER_ENUM_GET]'),2
GET,card/[GET_CARD_ENUM_GET],HTTPError('401 Client Error: Unauthorized for url: card/[GET_CARD_ENUM_GET]'),5
GET,assets_access/[GET_DT_ASSETS_ACCESS],HTTPError('403 Client Error: Forbidden for url: assets_access/[GET_DT_ASSETS_ACCESS]'),3
GET,challenge/[GET_CHALLENGE_ENUM_GET],HTTPError('403 Client Error: Forbidden for url: challenge/[GET_CHALLENGE_ENUM_GET]'),1
DELETE,user_profile/[DELETE_USER_ENUM_DELETE],HTTPError('403 Client Error: Forbidden for url: user_profile/[DELETE_USER_ENUM_DELETE]'),2
DELETE,card/[DELETE_DELETE_CARD_NO_TOKEN_DELETE],HTTPError('403 Client Error: Forbidden for url: card/[DELETE_DELETE_CARD_NO_TOKEN_DELETE]'),3
GET,file_download/[GET_DT_FILE_DOWNLOAD_NAME],HTTPError('403 Client Error: Forbidden for url: file_download/[GET_DT_FILE_DOWNLOAD_NAME]'),2
GET,memory_detail/[GET_MEMORY_ENUM_GET],HTTPError('500 Server Error: Internal Server Error for url: memory_detail/[GET_MEMORY_ENUM_GET]'),3
POST,profile_image_url_upload/[POST_DT_PROFILE_IMAGE_URL_POST],HTTPError('500 Server Error: Internal Server Error for url: profile_image_url_upload/[POST_DT_PROFILE_IMAGE_URL_POST]'),4
GET,encryption_keys_access/[GET_DT_ENCRYPTION_KEYS_ACCESS],HTTPError('414 Client Error: Request URI Too Long for url: encryption_keys_access/[GET_DT_ENCRYPTION_KEYS_ACCESS]'),1
POST,privacy_requests/[POST_XSS_PRIVACY_REQ_POST],HTTPError('401 Client Error: Unauthorized for url: privacy_requests/[POST_XSS_PRIVACY_REQ_POST]'),6
POST,/api/Products/{product_id}/upload/[XSS_FILE_UPLOAD_SVG_NONE],HTTPError('500 Server Error: Internal Server Error for url: /api/Products/{product_id}/upload/[XSS_FILE_UPLOAD_SVG_NONE]'),1
GET,/rest/admin/file-system/[DT_ADMIN_FILE_SYSTEM_PATH_SINGLE],HTTPError('403 Client Error: Forbidden for url: /rest/admin/file-system/[DT_ADMIN_FILE_SYSTEM_PATH_SINGLE]'),5
POST,complaints/[POST_DT_COMPLAINT_POST_FILENAME],HTTPError('403 Client Error: Forbidden for url: complaints/[POST_DT_COMPLAINT_POST_FILENAME]'),1
POST,password_reset/[POST_CSRF_PASSWORD_RESET_NO_TOKEN_POST],HTTPError('500 Server Error: Internal Server Error for url: password_reset/[POST_CSRF_PASSWORD_RESET_NO_TOKEN_POST]'),3
DELETE,user_profile/[DELETE_USER_ENUM_DELETE_NONEXISTENT],HTTPError('403 Client Error: Forbidden for url: user_profile/[DELETE_USER_ENUM_DELETE_NONEXISTENT]'),2
POST,admin_panel/[POST_CSRF_ADMIN_DELETE_USER_NO_TOKEN_POST],HTTPError('500 Server Error: Internal Server Error for url: admin_panel/[POST_CSRF_ADMIN_DELETE_USER_NO_TOKEN_POST]'),3
POST,add_to_cart/[POST_CSRF_ADD_TO_CART_NO_TOKEN_POST],HTTPError('401 Client Error: Unauthorized for url: add_to_cart/[POST_CSRF_ADD_TO_CART_NO_TOKEN_POST]'),7
POST,password_reset/[POST_USER_ENUM_PASSWORD_RESET_NONEXISTENT_POST],HTTPError('500 Server Error: Internal Server Error for url: password_reset/[POST_USER_ENUM_PASSWORD_RESET_NONEXISTENT_POST]'),5
POST,add_to_cart/[POST_CSRF_ADD_TO_CART_INVALID_TOKEN_POST],HTTPError('401 Client Error: Unauthorized for url: add_to_cart/[POST_CSRF_ADD_TO_CART_INVALID_TOKEN_POST]'),1
PUT,/upload/[PUT_PATH_TRAVERSAL_FILENAME_SINGLE],HTTPError('403 Client Error: Forbidden for url: /upload/[PUT_PATH_TRAVERSAL_FILENAME_SINGLE]'),1
GET,card/[GET_CARD_ENUM_NONEXISTENT_GET],HTTPError('401 Client Error: Unauthorized for url: card/[GET_CARD_ENUM_NONEXISTENT_GET]'),5
POST,user_login/[POST_USER_ENUM_LOGIN_POST],HTTPError('403 Client Error: Forbidden for url: user_login/[POST_USER_ENUM_LOGIN_POST]'),1
GET,security_question_by_id/[GET_SEC_QUESTION_ENUM_NONEXISTENT_GET],HTTPError('401 Client Error: Unauthorized for url: security_question_by_id/[GET_SEC_QUESTION_ENUM_NONEXISTENT_GET]'),5
GET,file_download/[GET_DT_FILE_DOWNLOAD_ID],HTTPError('403 Client Error: Forbidden for url: file_download/[GET_DT_FILE_DOWNLOAD_ID]'),1
POST,user_register/[POST_XSS_EMAIL_POST],HTTPError('403 Client Error: Forbidden for url: user_register/[POST_XSS_EMAIL_POST]'),1
POST,user_register/[POST_XSS_SECURITY_ANSWER_POST],HTTPError('403 Client Error: Forbidden for url: user_register/[POST_XSS_SECURITY_ANSWER_POST]'),1
POST,product_reviews_by_id/[POST_SUBMIT_REVIEW_NO_TOKEN_POST],HTTPError('500 Server Error: Internal Server Error for url: product_reviews_by_id/[POST_SUBMIT_REVIEW_NO_TOKEN_POST]'),2
POST,add_to_cart/[POST_CSRF_ADD_TO_CART_NO_TOKEN_POST],HTTPError('403 Client Error: Forbidden for url: add_to_cart/[POST_CSRF_ADD_TO_CART_NO_TOKEN_POST]'),1
POST,customer_chatbot/[POST_XSS_CHATBOT_QUERY_POST],HTTPError('403 Client Error: Forbidden for url: customer_chatbot/[POST_XSS_CHATBOT_QUERY_POST]'),2
PUT,user_profile_update/[PUT_USER_PROFILE_UPDATE_NO_TOKEN_PUT],HTTPError('403 Client Error: Forbidden for url: user_profile_update/[PUT_USER_PROFILE_UPDATE_NO_TOKEN_PUT]'),9
GET,encryption_keys_access/[GET_DT_ENCRYPTION_KEYS_ACCESS],HTTPError('404 Client Error: Not Found for url: encryption_keys_access/[GET_DT_ENCRYPTION_KEYS_ACCESS]'),1
POST,user_login/[POST_USER_ENUM_LOGIN_NONEXISTENT_POST],HTTPError('403 Client Error: Forbidden for url: user_login/[POST_USER_ENUM_LOGIN_NONEXISTENT_POST]'),1
POST,data_export_endpoint/[POST_DT_DATA_EXPORT_POST],HTTPError('500 Server Error: Internal Server Error for url: data_export_endpoint/[POST_DT_DATA_EXPORT_POST]'),4
GET,/rest/admin/file-system/[DT_ADMIN_FILE_SYSTEM_PATH_NONE],HTTPError('403 Client Error: Forbidden for url: /rest/admin/file-system/[DT_ADMIN_FILE_SYSTEM_PATH_NONE]'),2
POST,feedbacks/[POST_XSS_POST_COMMENT],HTTPError('500 Server Error: Internal Server Error for url: feedbacks/[POST_XSS_POST_COMMENT]'),8
DELETE,basket_item/[DELETE_DELETE_BASKET_ITEM_NO_TOKEN_DELETE],HTTPError('403 Client Error: Forbidden for url: basket_item/[DELETE_DELETE_BASKET_ITEM_NO_TOKEN_DELETE]'),2
GET,image_loader/[GET_DT_GET_QUERY],HTTPError('403 Client Error: Forbidden for url: image_loader/[GET_DT_GET_QUERY]'),3
GET,data_export_endpoint/[GET_DT_DATA_EXPORT_QUERY],HTTPError('403 Client Error: Forbidden for url: data_export_endpoint/[GET_DT_DATA_EXPORT_QUERY]'),3
GET,assets_access/[GET_DT_GET_PATH_INJECT],HTTPError('403 Client Error: Forbidden for url: assets_access/[GET_DT_GET_PATH_INJECT]'),2
GET,/rest/admin/users/[GET_ADMIN_PAGE_ENUM],HTTPError('403 Client Error: Forbidden for url: /rest/admin/users/[GET_ADMIN_PAGE_ENUM]'),1
GET,product_details/[GET_PRODUCT_ENUM_NONEXISTENT_GET],HTTPError('403 Client Error: Forbidden for url: product_details/[GET_PRODUCT_ENUM_NONEXISTENT_GET]'),3
POST,/api/Products/{product_id}/upload/[XSS_FILE_UPLOAD_HTML_NONE],HTTPError('500 Server Error: Internal Server Error for url: /api/Products/{product_id}/upload/[XSS_FILE_UPLOAD_HTML_NONE]'),1
POST,feedbacks/[POST_DT_FEEDBACK_POST_ATTACHMENT],HTTPError('403 Client Error: Forbidden for url: feedbacks/[POST_DT_FEEDBACK_POST_ATTACHMENT]'),1
POST,/api/Products/{product_id}/upload/[XSS_FILE_UPLOAD_SVG_SINGLE],HTTPError('500 Server Error: Internal Server Error for url: /api/Products/{product_id}/upload/[XSS_FILE_UPLOAD_SVG_SINGLE]'),1
GET,security_question_by_id/[GET_SEC_QUESTION_ENUM_GET],HTTPError('401 Client Error: Unauthorized for url: security_question_by_id/[GET_SEC_QUESTION_ENUM_GET]'),5
GET,encryption_keys_access/[GET_DT_ENCRYPTION_KEYS_KNOWN_FILE],HTTPError('403 Client Error: Forbidden for url: encryption_keys_access/[GET_DT_ENCRYPTION_KEYS_KNOWN_FILE]'),10
POST,feedbacks/[POST_XSS_POST_COMMENT],HTTPError('403 Client Error: Forbidden for url: feedbacks/[POST_XSS_POST_COMMENT]'),4
GET,/rest/admin/file-system/[DT_ADMIN_FILE_SYSTEM_PATH_DOUBLE],HTTPError('500 Server Error: Internal Server Error for url: /rest/admin/file-system/[DT_ADMIN_FILE_SYSTEM_PATH_DOUBLE]'),1
GET,product_search/[GET_XSS_FUZZ_GET],HTTPError('403 Client Error: Forbidden for url: product_search/[GET_XSS_FUZZ_GET]'),19
GET,file_system_access_challenge/[GET_DT_ADMIN_FILE_SYSTEM_QUERY],HTTPError('403 Client Error: Forbidden for url: file_system_access_challenge/[GET_DT_ADMIN_FILE_SYSTEM_QUERY]'),10
POST,memories/[POST_XSS_MEMORY_CREATE_POST],HTTPError('403 Client Error: Forbidden for url: memories/[POST_XSS_MEMORY_CREATE_POST]'),1
DELETE,address/[DELETE_DELETE_ADDRESS_NO_TOKEN_DELETE],HTTPError('403 Client Error: Forbidden for url: address/[DELETE_DELETE_ADDRESS_NO_TOKEN_DELETE]'),3
DELETE,complaint/[DELETE_DT_COMPLAINT_DELETE_PATH],HTTPError('403 Client Error: Forbidden for url: complaint/[DELETE_DT_COMPLAINT_DELETE_PATH]'),6
POST,addresses/[POST_ADD_ADDRESS_NO_TOKEN_POST],HTTPError('500 Server Error: Internal Server Error for url: addresses/[POST_ADD_ADDRESS_NO_TOKEN_POST]'),3
POST,feedbacks/[POST_DT_FEEDBACK_POST_ATTACHMENT],HTTPError('500 Server Error: Internal Server Error for url: feedbacks/[POST_DT_FEEDBACK_POST_ATTACHMENT]'),4
POST,memories/[POST_XSS_MEMORY_CREATE_POST],HTTPError('400 Client Error: Bad Request for url: memories/[POST_XSS_MEMORY_CREATE_POST]'),1
GET,assets_access/[GET_DT_ASSETS_ACCESS_DIRECT],HTTPError('403 Client Error: Forbidden for url: assets_access/[GET_DT_ASSETS_ACCESS_DIRECT]'),3
POST,complaints/[POST_DT_COMPLAINT_POST_FILENAME],HTTPError('401 Client Error: Unauthorized for url: complaints/[POST_DT_COMPLAINT_POST_FILENAME]'),4
POST,customer_chatbot/[POST_XSS_CHATBOT_QUERY_POST],HTTPError('500 Server Error: Internal Server Error for url: customer_chatbot/[POST_XSS_CHATBOT_QUERY_POST]'),5
GET,file_download/[GET_DT_GET_QUERY],HTTPError('403 Client Error: Forbidden for url: file_download/[GET_DT_GET_QUERY]'),1
POST,profile_image_url_upload/[POST_DT_PROFILE_IMAGE_URL_POST],HTTPError('403 Client Error: Forbidden for url: profile_image_url_upload/[POST_DT_PROFILE_IMAGE_URL_POST]'),1
GET,product_details/[GET_DT_GET_QUERY],HTTPError('500 Server Error: Internal Server Error for url: product_details/[GET_DT_GET_QUERY]'),1
GET,ftp_access/[GET_DT_FTP_ACCESS],HTTPError('403 Client Error: Forbidden for url: ftp_access/[GET_DT_FTP_ACCESS]'),13
GET,/rest/admin/file-system/[DT_ADMIN_FILE_SYSTEM_PATH_SINGLE],HTTPError('500 Server Error: Internal Server Error for url: /rest/admin/file-system/[DT_ADMIN_FILE_SYSTEM_PATH_SINGLE]'),1
GET,data_export_endpoint/[GET_DT_DATA_EXPORT_QUERY],HTTPError('500 Server Error: Internal Server Error for url: data_export_endpoint/[GET_DT_DATA_EXPORT_QUERY]'),1
PUT,/upload/[PUT_PATH_TRAVERSAL_FILENAME_NONE],HTTPError('403 Client Error: Forbidden for url: /upload/[PUT_PATH_TRAVERSAL_FILENAME_NONE]'),2
GET,encryption_keys_access/[GET_DT_GET_PATH_INJECT],HTTPError('403 Client Error: Forbidden for url: encryption_keys_access/[GET_DT_GET_PATH_INJECT]'),3
GET,order/[GET_ORDER_ENUM_GET],HTTPError('500 Server Error: Internal Server Error for url: order/[GET_ORDER_ENUM_GET]'),7
POST,place_order/[POST_PLACE_ORDER_NO_TOKEN_POST],HTTPError('500 Server Error: Internal Server Error for url: place_order/[POST_PLACE_ORDER_NO_TOKEN_POST]'),3
POST,cards/[POST_XSS_CARD_CREATE],HTTPError('401 Client Error: Unauthorized for url: cards/[POST_XSS_CARD_CREATE]'),7
PUT,user_profile/[PUT_XSS_PROFILE_UPDATE_PUT],HTTPError('403 Client Error: Forbidden for url: user_profile/[PUT_XSS_PROFILE_UPDATE_PUT]'),4
GET,encryption_keys_access/[GET_DT_ENCRYPTION_KEYS_ACCESS],HTTPError('403 Client Error: Forbidden for url: encryption_keys_access/[GET_DT_ENCRYPTION_KEYS_ACCESS]'),8
