Timestamp,TransactionID,ClientIP,ClientPort,ServerIP,ServerPort,RequestMethod,RequestURIPath,RequestURIQuery,RequestProtocol,UserAgent,Referer,AcceptEncoding,ContentType,Accept,Cookie,Connection,OtherHeaders,RequestBody,ResponseStatus,ResponseProtocol,ResponseHeaders,ResponseBody,WAFInterrupted,InterruptionRuleID,InterruptionStatus,InterruptionAction,MatchedRulesCount,MatchedRulesIDs,MatchedRulesMessages,MatchedRulesTags,AIScore,AIVerdict,AIVerdictLabel,AIVulnerabilityTypeLabel,RequestLength,PathLength,QueryLength,BodyLength,NumParams,LongestParamValueLength,NumSpecialChars,NumEncodedChars,NumDoubleEncodedChars,RatioSpecialCharsToTotalChars,NumKeywords,NumUniqueChars,IsJSONBody,IsXMLBody,IsMultipartForm,HasNumericPathSegment,DepthOfPath,UsesBase64Encoding,UsesHexEncoding,HasMultipleContentLength,InvalidHTTPVersion,NumHTTPHeaders,TimeOfDayHour,TimeOfDayDayOfWeek
2025-07-17T20:35:42Z,IgKuODqCKIQntlXveAK,172.18.0.2,42174,coraza-proxy,8080,GET,/rest/products/84,,HTTP/1.1,sqlmap/,,"gzip, deflate, br",,*/*,,keep-alive,,,,,,,true,949110,403,deny,66,900990;901100;901110;901111;901115;901120;901125;901130;901140;901141;901142;901143;901160;901162;901168;901163;901164;901165;901171;901167;901169;901170;901200;901340;901400;911013;913100;913013;920280;920013;921013;930013;931013;932013;933013;934013;941010;941013;942013;943013;944013;949052;949152;949013;980013;911014;913014;920014;921014;930014;931014;932014;933014;934014;941014;942014;943014;944014;949059;949159;949060;949160;949110;980099;980044;980170,";;;;;;;;;;;;;;;;;;;;;;;Enabling body inspection;;;Found User-Agent associated with security scanner;;Request Missing a Host Header;;;;;;;;;;;;;;;;;;;;;;;;;;;;;;;;;;Inbound Anomaly Score Exceeded (Total Score: 8);;;Anomaly Scores: (Inbound Scores: blocking=8, detection=8, per_pl=8-0-0-0, threshold=5) - (Outbound Scores: blocking=0, detection=0, per_pl=0-0-0-0, threshold=4) - (SQLI=0, XSS=0, RFI=0, LFI=0, RCE=0, PHPI=0, HTTP=0, SESS=0, COMBINED_SCORE=8)",OWASP_CRS;OWASP_CRS;OWASP_CRS;OWASP_CRS;OWASP_CRS;OWASP_CRS;OWASP_CRS;OWASP_CRS;OWASP_CRS;OWASP_CRS;OWASP_CRS;OWASP_CRS;OWASP_CRS;OWASP_CRS;OWASP_CRS;OWASP_CRS;OWASP_CRS;OWASP_CRS;OWASP_CRS;OWASP_CRS;OWASP_CRS;OWASP_CRS;OWASP_CRS;OWASP_CRS;OWASP_CRS;OWASP_CRS;application-multi;language-multi;platform-multi;attack-reputation-scanner;paranoia-level/1;OWASP_CRS;OWASP_CRS/SCANNER-DETECTION;capec/1000/118/224/541/310;PCI/6.5.10;OWASP_CRS;application-multi;language-multi;platform-multi;attack-protocol;paranoia-level/1;OWASP_CRS;OWASP_CRS/PROTOCOL-ENFORCEMENT;capec/1000/210/272;PCI/6.5.10;OWASP_CRS;OWASP_CRS;OWASP_CRS;OWASP_CRS;OWASP_CRS;OWASP_CRS;OWASP_CRS;OWASP_CRS;OWASP_CRS/ATTACK-XSS;OWASP_CRS;OWASP_CRS;OWASP_CRS;OWASP_CRS;OWASP_CRS;OWASP_CRS;OWASP_CRS;OWASP_CRS;OWASP_CRS;OWASP_CRS;OWASP_CRS;OWASP_CRS;OWASP_CRS;OWASP_CRS;OWASP_CRS;OWASP_CRS;OWASP_CRS;OWASP_CRS;OWASP_CRS;OWASP_CRS;OWASP_CRS;OWASP_CRS;OWASP_CRS;OWASP_CRS;OWASP_CRS;anomaly-evaluation;OWASP_CRS;OWASP_CRS;OWASP_CRS;reporting;OWASP_CRS,-1.00,not evaluated,malicious,enum,128,17,0,0,0,0,3,0,0,0.1765,0,12,false,false,false,true,3,false,false,false,false,4,20,Thursday
2025-07-17T20:35:42Z,LdWrXCAnWZOtZqRGHxA,172.18.0.2,42148,coraza-proxy,8080,GET,/api/Feedbacks/17,,HTTP/1.1,Nmap Scripting Engine,,"gzip, deflate, br",,*/*,,keep-alive,,,,,,,true,949110,403,deny,66,900990;901100;901110;901111;901115;901120;901125;901130;901140;901141;901142;901143;901160;901162;901168;901163;901164;901165;901171;901167;901169;901170;901200;901340;901400;911013;913100;913013;920280;920013;921013;930013;931013;932013;933013;934013;941010;941013;942013;943013;944013;949052;949152;949013;980013;911014;913014;920014;921014;930014;931014;932014;933014;934014;941014;942014;943014;944014;949059;949159;949060;949160;949110;980099;980044;980170,";;;;;;;;;;;;;;;;;;;;;;;Enabling body inspection;;;Found User-Agent associated with security scanner;;Request Missing a Host Header;;;;;;;;;;;;;;;;;;;;;;;;;;;;;;;;;;Inbound Anomaly Score Exceeded (Total Score: 8);;;Anomaly Scores: (Inbound Scores: blocking=8, detection=8, per_pl=8-0-0-0, threshold=5) - (Outbound Scores: blocking=0, detection=0, per_pl=0-0-0-0, threshold=4) - (SQLI=0, XSS=0, RFI=0, LFI=0, RCE=0, PHPI=0, HTTP=0, SESS=0, COMBINED_SCORE=8)",OWASP_CRS;OWASP_CRS;OWASP_CRS;OWASP_CRS;OWASP_CRS;OWASP_CRS;OWASP_CRS;OWASP_CRS;OWASP_CRS;OWASP_CRS;OWASP_CRS;OWASP_CRS;OWASP_CRS;OWASP_CRS;OWASP_CRS;OWASP_CRS;OWASP_CRS;OWASP_CRS;OWASP_CRS;OWASP_CRS;OWASP_CRS;OWASP_CRS;OWASP_CRS;OWASP_CRS;OWASP_CRS;OWASP_CRS;application-multi;language-multi;platform-multi;attack-reputation-scanner;paranoia-level/1;OWASP_CRS;OWASP_CRS/SCANNER-DETECTION;capec/1000/118/224/541/310;PCI/6.5.10;OWASP_CRS;application-multi;language-multi;platform-multi;attack-protocol;paranoia-level/1;OWASP_CRS;OWASP_CRS/PROTOCOL-ENFORCEMENT;capec/1000/210/272;PCI/6.5.10;OWASP_CRS;OWASP_CRS;OWASP_CRS;OWASP_CRS;OWASP_CRS;OWASP_CRS;OWASP_CRS;OWASP_CRS;OWASP_CRS/ATTACK-XSS;OWASP_CRS;OWASP_CRS;OWASP_CRS;OWASP_CRS;OWASP_CRS;OWASP_CRS;OWASP_CRS;OWASP_CRS;OWASP_CRS;OWASP_CRS;OWASP_CRS;OWASP_CRS;OWASP_CRS;OWASP_CRS;OWASP_CRS;OWASP_CRS;OWASP_CRS;OWASP_CRS;OWASP_CRS;OWASP_CRS;OWASP_CRS;OWASP_CRS;OWASP_CRS;OWASP_CRS;OWASP_CRS;anomaly-evaluation;OWASP_CRS;OWASP_CRS;OWASP_CRS;reporting;OWASP_CRS,-1.00,not evaluated,malicious,enum,142,17,0,0,0,0,3,0,0,0.1765,0,13,false,false,false,true,3,false,false,false,false,4,20,Thursday
2025/07/17 20:35:42 CSV writer error: short write
2025-07-17T20:35:42Z,JzwzvQekxORmBNVyXrk,172.18.0.2,42194,coraza-proxy,8080,DELETE,/api/Users/15,,HTTP/1.1,Acunetix/14.8.230718105,,"gzip, deflate, br",,*/*,,keep-alive,Content-Length:0,,,,,,true,949110,403,deny,66,900990;901100;901110;901111;901115;901120;901125;901130;901140;901141;901142;901143;901160;901162;901168;901163;901164;901165;901171;901167;901169;901170;901200;901340;901400;911100;911013;913013;920280;920013;921013;930013;931013;932013;933013;934013;941010;941013;942013;943013;944013;949052;949152;949013;980013;911014;913014;920014;921014;930014;931014;932014;933014;934014;941014;942014;943014;944014;949059;949159;949060;949160;949110;980099;980044;980170,";;;;;;;;;;;;;;;;;;;;;;;Enabling body inspection;;Method is not allowed by policy;;;Request Missing a Host Header;;;;;;;;;;;;;;;;;;;;;;;;;;;;;;;;;;Inbound Anomaly Score Exceeded (Total Score: 8);;;Anomaly Scores: (Inbound Scores: blocking=8, detection=8, per_pl=8-0-0-0, threshold=5) - (Outbound Scores: blocking=0, detection=0, per_pl=0-0-0-0, threshold=4) - (SQLI=0, XSS=0, RFI=0, LFI=0, RCE=0, PHPI=0, HTTP=0, SESS=0, COMBINED_SCORE=8)",OWASP_CRS;OWASP_CRS;OWASP_CRS;OWASP_CRS;OWASP_CRS;OWASP_CRS;OWASP_CRS;OWASP_CRS;OWASP_CRS;OWASP_CRS;OWASP_CRS;OWASP_CRS;OWASP_CRS;OWASP_CRS;OWASP_CRS;OWASP_CRS;OWASP_CRS;OWASP_CRS;OWASP_CRS;OWASP_CRS;OWASP_CRS;OWASP_CRS;OWASP_CRS;OWASP_CRS;OWASP_CRS;application-multi;language-multi;platform-multi;attack-generic;paranoia-level/1;OWASP_CRS;OWASP_CRS/METHOD-ENFORCEMENT;capec/1000/210/272/220/274;PCI/12.1;OWASP_CRS;OWASP_CRS;application-multi;language-multi;platform-multi;attack-protocol;paranoia-level/1;OWASP_CRS;OWASP_CRS/PROTOCOL-ENFORCEMENT;capec/1000/210/272;PCI/6.5.10;OWASP_CRS;OWASP_CRS;OWASP_CRS;OWASP_CRS;OWASP_CRS;OWASP_CRS;OWASP_CRS;OWASP_CRS;OWASP_CRS/ATTACK-XSS;OWASP_CRS;OWASP_CRS;OWASP_CRS;OWASP_CRS;OWAOWASP_CRS;OWASP_CRS;OWASP_CRS;OWASP_CRS;OWASP_CRS;OWASP_CRS;OWASP_CRS;OWASP_CRS;OWASP_CRS;OWASP_CRS;OWASP_CRS;OWASP_CRS;OWASP_CRS;OWASP_CRS;OWASP_CRS;OWASP_CRS;OWASP_CRS;OWASP_CRS;OWASP_CRS;OWASP_CRS;OWASP_CRS;OWASP_CRS;anomaly-evaluation;OWASP_CRS;OWASP_CRS;OWASP_CRS;reporting;OWASP_CRS,-1.00,not evaluated,malicious,enum,142,17,0,0,0,0,3,0,0,0.1765,0,13,false,false,false,true,3,false,false,false,false,4,20,Thursday
2025-07-17T20:35:42Z,JzwzvQekxORmBNVyXrk,172.18.0.2,42194,coraza-proxy,8080,DELETE,/api/Users/15,,HTTP/1.1,Acunetix/14.8.230718105,,"gzip, deflate, br",,*/*,,keep-alive,Content-Length:0,,,,,,true,949110,403,deny,66,900990;901100;901110;901111;901115;901120;901125;901130;901140;901141;901142;901143;901160;901162;901168;901163;901164;901165;901171;901167;901169;901170;901200;901340;901400;911100;911013;913013;920280;920013;921013;930013;931013;932013;933013;934013;941010;941013;942013;943013;944013;949052;949152;949013;980013;911014;913014;920014;921014;930014;931014;932014;933014;934014;941014;942014;943014;944014;949059;949159;949060;949160;949110;980099;980044;980170,";;;;;;;;;;;;;;;;;;;;;;;Enabling body inspection;;Method is not allowed by policy;;;Request Missing a Host Header;;;;;;;;;;;;;;;;;;;;;;;;;;;;;;;;;;Inbound Anomaly Score Exceeded (Total Score: 8);;;Anomaly Scores: (Inbound Scores: blocking=8, detection=8, per_pl=8-0-0-0, threshold=5) - (Outbound Scores: blocking=0, detection=0, per_pl=0-0-0-0, threshold=4) - (SQLI=0, XSS=0, RFI=0, LFI=0, RCE=0, PHPI=0, HTTP=0, SESS=0, COMBINED_SCORE=8)",OWASP_CRS;OWASP_CRS;OWASP_CRS;OWASP_CRS;OWASP_CRS;OWASP_CRS;OWASP_CRS;OWASP_CRS;OWASP_CRS;OWASP_CRS;OWASP_CRS;OWASP_CRS;OWASP_CRS;OWASP_CRS;OWASP_CRS;OWASP_CRS;OWASP_CRS;OWASP_CRS;OWASP_CRS;OWASP_CRS;OWASP_CRS;OWASP_CRS;OWASP_CRS;OWASP_CRS;OWASP_CRS;application-multi;language-multi;platform-multi;attack-generic;paranoia-level/1;OWASP_CRS;OWASP_CRS/METHOD-ENFORCEMENT;capec/1000/210/272/220/274;PCI/12.1;OWASP_CRS;OWASP_CRS;application-multi;language-multi;platform-multi;attack-protocol;paranoia-level/1;OWASP_CRS;OWASP_CRS/PROTOCOL-ENFORCEMENT;capec/1000/210/272;PCI/6.5.10;OWASP_CRS;OWASP_CRS;OWASP_CRS;OWASP_CRS;OWASP_CRS;OWASP_CRS;OWASP_CRS;OWASP_CRS;OWASP_CRS/ATTACK-XSS;OWASP_CRS;OWASP_CRS;OWASP_CRS;OWASP_CRS;OWA2025/07/17 20:35:42 Failed to write CSV record: short write
2025/07/17 20:35:42 CSV writer error: short write
2025/07/17 20:35:42 Failed to write CSV record: short write
2025/07/17 20:35:42 CSV writer error: short write
2025/07/17 20:35:42 Failed to write CSV record: short write
2025/07/17 20:35:42 CSV writer error: short write
2025/07/17 20:35:42 Failed to write CSV record: short write
2025/07/17 20:35:42 CSV writer error: short write
2025/07/17 20:35:43 Failed to write CSV record: short write
2025/07/17 20:35:43 CSV writer error: short write
2025/07/17 20:35:43 Failed to write CSV record: short write
2025/07/17 20:35:43 CSV writer error: short write
2025/07/17 20:35:43 Failed to write CSV record: short write
2025/07/17 20:35:43 CSV writer error: short write
2025/07/17 20:35:44 Failed to write CSV record: short write
2025/07/17 20:35:44 CSV writer error: short write
2025/07/17 20:35:44 Failed to write CSV record: short write
2025/07/17 20:35:44 CSV writer error: short write
2025/07/17 20:35:44 Failed to write CSV record: short write
2025/07/17 20:35:44 CSV writer error: short write
2025/07/17 20:35:44 Failed to write CSV record: short write
2025/07/17 20:35:44 CSV writer error: short write
2025/07/17 20:35:44 Failed to write CSV record: short write
2025/07/17 20:35:44 CSV writer error: short write
2025/07/17 20:35:44 Failed to write CSV record: short write
2025/07/17 20:35:44 CSV writer error: short write
2025/07/17 20:35:44 Failed to write CSV record: short write
2025/07/17 20:35:44 CSV writer error: short write
2025/07/17 20:35:44 Failed to write CSV record: short write
2025/07/17 20:35:44 CSV writer error: short write
2025/07/17 20:35:44 Failed to write CSV record: short write
2025/07/17 20:35:44 CSV writer error: short write
2025/07/17 20:35:44 Failed to write CSV record: short write
2025/07/17 20:35:44 CSV writer error: short write
2025/07/17 20:35:45 Failed to write CSV record: short write
2025/07/17 20:35:45 CSV writer error: short write
2025/07/17 20:35:45 Failed to write CSV record: short write
2025/07/17 20:35:45 CSV writer error: short write
2025/07/17 20:35:45 Failed to write CSV record: short write
2025/07/17 20:35:45 CSV writer error: short write
2025/07/17 20:35:45 Failed to write CSV record: short write
2025/07/17 20:35:45 CSV writer error: short write
2025/07/17 20:35:45 Failed to write CSV record: short write
2025/07/17 20:35:45 CSV writer error: short write
2025/07/17 20:35:45 Failed to write CSV record: short write
2025/07/17 20:35:45 CSV writer error: short write
2025/07/17 20:35:45 Failed to write CSV record: short write
2025/07/17 20:35:45 CSV writer error: short write
2025/07/17 20:35:46 Failed to write CSV record: short write
2025/07/17 20:35:46 CSV writer error: short write
2025/07/17 20:35:46 Failed to write CSV record: short write
2025/07/17 20:35:46 CSV writer error: short write
2025/07/17 20:35:46 Failed to write CSV record: short write
2025/07/17 20:35:46 CSV writer error: short write
2025/07/17 20:35:46 Failed to write CSV record: short write
2025/07/17 20:35:46 CSV writer error: short write
2025/07/17 20:35:46 Failed to write CSV record: short write
2025/07/17 20:35:46 CSV writer error: short write
2025/07/17 20:35:46 Failed to write CSV record: short write
2025/07/17 20:35:46 CSV writer error: short write
2025/07/17 20:35:47 Failed to write CSV record: short write
2025/07/17 20:35:47 CSV writer error: short write
2025/07/17 20:35:47 Failed to write CSV record: short write
2025/07/17 20:35:47 CSV writer error: short write
2025/07/17 20:35:48 Failed to write CSV record: short write
2025/07/17 20:35:48 CSV writer error: short write
2025/07/17 20:35:48 Failed to write CSV record: short write
2025/07/17 20:35:48 CSV writer error: short write
2025/07/17 20:35:48 Failed to write CSV record: short write
2025/07/17 20:35:48 CSV writer error: short write
2025/07/17 20:35:48 Failed to write CSV record: short write
2025/07/17 20:35:48 CSV writer error: short write
2025/07/17 20:35:48 Failed to write CSV record: short write
2025/07/17 20:35:48 CSV writer error: short write
2025/07/17 20:35:48 Failed to write CSV record: short write
2025/07/17 20:35:48 CSV writer error: short write
2025/07/17 20:35:48 Failed to write CSV record: short write
2025/07/17 20:35:48 CSV writer error: short write
2025/07/17 20:35:48 Failed to write CSV record: short write
2025/07/17 20:35:48 CSV writer error: short write
2025/07/17 20:35:48 Failed to write CSV record: short write
2025/07/17 20:35:48 CSV writer error: short write
2025/07/17 20:35:48 Failed to write CSV record: short write
2025/07/17 20:35:48 CSV writer error: short write
2025/07/17 20:35:48 Failed to write CSV record: short write
2025/07/17 20:35:48 CSV writer error: short write
2025/07/17 20:35:48 Failed to write CSV record: short write
2025/07/17 20:35:48 CSV writer error: short write
2025/07/17 20:35:48 Failed to write CSV record: short write
2025/07/17 20:35:48 CSV writer error: short write
2025/07/17 20:35:48 Failed to write CSV record: short write
2025/07/17 20:35:48 CSV writer error: short write
2025/07/17 20:35:48 Failed to write CSV record: short write
2025/07/17 20:35:48 CSV writer error: short write
2025/07/17 20:35:48 Failed to write CSV record: short write
2025/07/17 20:35:48 CSV writer error: short write
2025/07/17 20:35:49 Failed to write CSV record: short write
2025/07/17 20:35:49 CSV writer error: short write
2025/07/17 20:35:49 Failed to write CSV record: short write
2025/07/17 20:35:49 CSV writer error: short write
2025/07/17 20:35:49 Failed to write CSV record: short write
2025/07/17 20:35:49 CSV writer error: short write
2025/07/17 20:35:49 Failed to write CSV record: short write
2025/07/17 20:35:49 CSV writer error: short write
2025/07/17 20:35:49 Failed to write CSV record: short write
2025/07/17 20:35:49 CSV writer error: short write
2025/07/17 20:35:49 Failed to write CSV record: short write
2025/07/17 20:35:49 CSV writer error: short write
2025/07/17 20:35:49 Failed to write CSV record: short write
2025/07/17 20:35:49 CSV writer error: short write
2025/07/17 20:35:49 Failed to write CSV record: short write
2025/07/17 20:35:49 CSV writer error: short write
2025/07/17 20:35:49 Failed to write CSV record: short write
2025/07/17 20:35:49 CSV writer error: short write
2025/07/17 20:35:49 Failed to write CSV record: short write
2025/07/17 20:35:49 CSV writer error: short write
2025/07/17 20:35:49 Failed to write CSV record: short write
2025/07/17 20:35:49 CSV writer error: short write
2025/07/17 20:35:49 Failed to write CSV record: short write
2025/07/17 20:35:49 CSV writer error: short write
2025/07/17 20:35:49 Failed to write CSV record: short write
2025/07/17 20:35:49 CSV writer error: short write
2025/07/17 20:35:49 Failed to write CSV record: short write
2025/07/17 20:35:49 CSV writer error: short write
2025/07/17 20:35:50 Failed to write CSV record: short write
2025/07/17 20:35:50 CSV writer error: short write
2025/07/17 20:35:50 Failed to write CSV record: short write
2025/07/17 20:35:50 CSV writer error: short write
2025/07/17 20:35:50 Failed to write CSV record: short write
2025/07/17 20:35:50 CSV writer error: short write
2025/07/17 20:35:50 Failed to write CSV record: short write
2025/07/17 20:35:50 CSV writer error: short write
2025/07/17 20:35:50 Failed to write CSV record: short write
2025/07/17 20:35:50 CSV writer error: short write
2025/07/17 20:35:50 Failed to write CSV record: short write
2025/07/17 20:35:50 CSV writer error: short write
2025/07/17 20:35:50 Failed to write CSV record: short write
2025/07/17 20:35:50 CSV writer error: short write
2025/07/17 20:35:50 Failed to write CSV record: short write
2025/07/17 20:35:50 CSV writer error: short write
2025/07/17 20:35:50 Failed to write CSV record: short write
2025/07/17 20:35:50 CSV writer error: short write
2025/07/17 20:35:50 Failed to write CSV record: short write
2025/07/17 20:35:50 CSV writer error: short write
2025/07/17 20:35:50 Failed to write CSV record: short write
2025/07/17 20:35:50 CSV writer error: short write
2025/07/17 20:35:50 Failed to write CSV record: short write
2025/07/17 20:35:50 CSV writer error: short write
2025/07/17 20:35:50 Failed to write CSV record: short write
2025/07/17 20:35:50 CSV writer error: short write
2025/07/17 20:35:50 Failed to write CSV record: short write
2025/07/17 20:35:50 CSV writer error: short write
2025/07/17 20:35:50 Failed to write CSV record: short write
2025/07/17 20:35:50 CSV writer error: short write
2025/07/17 20:35:50 Failed to write CSV record: short write
2025/07/17 20:35:50 CSV writer error: short write
2025/07/17 20:35:51 Failed to write CSV record: short write
2025/07/17 20:35:51 CSV writer error: short write
2025/07/17 20:35:51 Failed to write CSV record: short write
2025/07/17 20:35:51 CSV writer error: short write
2025/07/17 20:35:51 Failed to write CSV record: short write
2025/07/17 20:35:51 CSV writer error: short write
2025/07/17 20:35:51 Failed to write CSV record: short write
2025/07/17 20:35:51 CSV writer error: short write
2025/07/17 20:35:51 Failed to write CSV record: short write
2025/07/17 20:35:51 CSV writer error: short write
2025/07/17 20:35:51 Failed to write CSV record: short write
2025/07/17 20:35:51 CSV writer error: short write
2025/07/17 20:35:51 Failed to write CSV record: short write
2025/07/17 20:35:51 CSV writer error: short write
2025/07/17 20:35:51 Failed to write CSV record: short write
2025/07/17 20:35:51 CSV writer error: short write
2025/07/17 20:35:51 Failed to write CSV record: short write
2025/07/17 20:35:51 CSV writer error: short write
2025/07/17 20:35:52 Failed to write CSV record: short write
2025/07/17 20:35:52 CSV writer error: short write
2025/07/17 20:35:52 Failed to write CSV record: short write
2025/07/17 20:35:52 CSV writer error: short write
2025/07/17 20:35:52 Failed to write CSV record: short write
2025/07/17 20:35:52 CSV writer error: short write
2025/07/17 20:35:52 Failed to write CSV record: short write
2025/07/17 20:35:52 CSV writer error: short write
2025/07/17 20:35:52 Failed to write CSV record: short write
2025/07/17 20:35:52 CSV writer error: short write
2025/07/17 20:35:52 Failed to write CSV record: short write
2025/07/17 20:35:52 CSV writer error: short write
2025/07/17 20:35:52 Failed to write CSV record: short write
2025/07/17 20:35:52 CSV writer error: short write
2025/07/17 20:35:52 Failed to write CSV record: short write
2025/07/17 20:35:52 CSV writer error: short write
2025/07/17 20:35:52 Failed to write CSV record: short write
2025/07/17 20:35:52 CSV writer error: short write
2025/07/17 20:35:52 Failed to write CSV record: short write
2025/07/17 20:35:52 CSV writer error: short write
2025/07/17 20:35:52 Failed to write CSV record: short write
2025/07/17 20:35:52 CSV writer error: short write
2025/07/17 20:35:53 Failed to write CSV record: short write
2025/07/17 20:35:53 CSV writer error: short write
2025/07/17 20:35:53 Failed to write CSV record: short write
2025/07/17 20:35:53 CSV writer error: short write
2025/07/17 20:35:53 Failed to write CSV record: short write
2025/07/17 20:35:53 CSV writer error: short write
2025/07/17 20:35:53 Failed to write CSV record: short write
2025/07/17 20:35:53 CSV writer error: short write
2025/07/17 20:35:53 Failed to write CSV record: short write
2025/07/17 20:35:53 CSV writer error: short write
2025/07/17 20:35:53 Failed to write CSV record: short write
2025/07/17 20:35:53 CSV writer error: short write
2025/07/17 20:35:53 Failed to write CSV record: short write
2025/07/17 20:35:53 CSV writer error: short write
2025/07/17 20:35:53 Failed to write CSV record: short write
2025/07/17 20:35:53 CSV writer error: short write
2025/07/17 20:35:53 Failed to write CSV record: short write
2025/07/17 20:35:53 CSV writer error: short write
2025/07/17 20:35:53 Failed to write CSV record: short write
2025/07/17 20:35:53 CSV writer error: short write
2025/07/17 20:35:53 Failed to write CSV record: short write
2025/07/17 20:35:53 CSV writer error: short write
2025/07/17 20:35:53 Failed to write CSV record: short write
2025/07/17 20:35:53 CSV writer error: short write
2025/07/17 20:35:53 Failed to write CSV record: short write
2025/07/17 20:35:53 CSV writer error: short write
2025/07/17 20:35:53 Failed to write CSV record: short write
2025/07/17 20:35:53 CSV writer error: short write
2025/07/17 20:35:54 Failed to write CSV record: short write
2025/07/17 20:35:54 CSV writer error: short write
2025/07/17 20:35:54 Failed to write CSV record: short write
2025/07/17 20:35:54 CSV writer error: short write
2025/07/17 20:35:54 Failed to write CSV record: short write
2025/07/17 20:35:54 CSV writer error: short write
2025/07/17 20:35:54 Failed to write CSV record: short write
2025/07/17 20:35:54 CSV writer error: short write
2025/07/17 20:35:54 Failed to write CSV record: short write
2025/07/17 20:35:54 CSV writer error: short write
2025/07/17 20:35:54 Failed to write CSV record: short write
2025/07/17 20:35:54 CSV writer error: short write
2025/07/17 20:35:54 Failed to write CSV record: short write
2025/07/17 20:35:54 CSV writer error: short write
2025/07/17 20:35:54 Failed to write CSV record: short write
2025/07/17 20:35:54 CSV writer error: short write
2025/07/17 20:35:54 Failed to write CSV record: short write
2025/07/17 20:35:54 CSV writer error: short write
2025/07/17 20:35:54 Failed to write CSV record: short write
2025/07/17 20:35:54 CSV writer error: short write
2025/07/17 20:35:54 Failed to write CSV record: short write
2025/07/17 20:35:54 CSV writer error: short write
2025/07/17 20:35:54 Failed to write CSV record: short write
2025/07/17 20:35:54 CSV writer error: short write
2025/07/17 20:35:54 Failed to write CSV record: short write
2025/07/17 20:35:54 CSV writer error: short write
2025/07/17 20:35:54 Failed to write CSV record: short write
2025/07/17 20:35:54 CSV writer error: short write
2025/07/17 20:35:55 Failed to write CSV record: short write
2025/07/17 20:35:55 CSV writer error: short write
2025/07/17 20:35:55 Failed to write CSV record: short write
2025/07/17 20:35:55 CSV writer error: short write
2025/07/17 20:35:55 Failed to write CSV record: short write
2025/07/17 20:35:55 CSV writer error: short write
2025/07/17 20:35:55 Failed to write CSV record: short write
2025/07/17 20:35:55 CSV writer error: short write
2025/07/17 20:35:55 Failed to write CSV record: short write
2025/07/17 20:35:55 CSV writer error: short write
2025/07/17 20:35:55 Failed to write CSV record: short write
2025/07/17 20:35:55 CSV writer error: short write
2025/07/17 20:35:55 Failed to write CSV record: short write
2025/07/17 20:35:55 CSV writer error: short write
2025/07/17 20:35:55 Failed to write CSV record: short write
2025/07/17 20:35:55 CSV writer error: short write
2025/07/17 20:35:55 Failed to write CSV record: short write
2025/07/17 20:35:55 CSV writer error: short write
2025/07/17 20:35:55 Failed to write CSV record: short write
2025/07/17 20:35:55 CSV writer error: short write
2025/07/17 20:35:55 Failed to write CSV record: short write
2025/07/17 20:35:55 CSV writer error: short write
2025/07/17 20:35:55 Failed to write CSV record: short write
2025/07/17 20:35:55 CSV writer error: short write
2025/07/17 20:35:55 Failed to write CSV record: short write
2025/07/17 20:35:55 CSV writer error: short write
2025/07/17 20:35:55 Failed to write CSV record: short write
2025/07/17 20:35:55 CSV writer error: short write
2025/07/17 20:35:55 Failed to write CSV record: short write
2025/07/17 20:35:55 CSV writer error: short write
2025/07/17 20:35:55 Failed to write CSV record: short write
2025/07/17 20:35:55 CSV writer error: short write
2025/07/17 20:35:56 Failed to write CSV record: short write
2025/07/17 20:35:56 CSV writer error: short write
2025/07/17 20:35:56 Failed to write CSV record: short write
2025/07/17 20:35:56 CSV writer error: short write
2025/07/17 20:35:56 Failed to write CSV record: short write
2025/07/17 20:35:56 CSV writer error: short write
2025/07/17 20:35:56 Failed to write CSV record: short write
2025/07/17 20:35:56 CSV writer error: short write
2025/07/17 20:35:56 Failed to write CSV record: short write
2025/07/17 20:35:56 CSV writer error: short write
2025/07/17 20:35:56 Failed to write CSV record: short write
2025/07/17 20:35:56 CSV writer error: short write
2025/07/17 20:35:57 Failed to write CSV record: short write
2025/07/17 20:35:57 CSV writer error: short write
2025/07/17 20:35:57 Failed to write CSV record: short write
2025/07/17 20:35:57 CSV writer error: short write
2025/07/17 20:35:57 Failed to write CSV record: short write
2025/07/17 20:35:57 CSV writer error: short write
2025/07/17 20:35:57 Failed to write CSV record: short write
2025/07/17 20:35:57 CSV writer error: short write
2025/07/17 20:35:57 Failed to write CSV record: short write
2025/07/17 20:35:57 CSV writer error: short write
2025/07/17 20:35:57 Failed to write CSV record: short write
2025/07/17 20:35:57 CSV writer error: short write
2025/07/17 20:35:57 Failed to write CSV record: short write
2025/07/17 20:35:57 CSV writer error: short write
2025/07/17 20:35:57 Failed to write CSV record: short write
2025/07/17 20:35:57 CSV writer error: short write
2025/07/17 20:35:57 Failed to write CSV record: short write
2025/07/17 20:35:57 CSV writer error: short write
2025/07/17 20:35:58 Failed to write CSV record: short write
2025/07/17 20:35:58 CSV writer error: short write
2025/07/17 20:35:58 Failed to write CSV record: short write
2025/07/17 20:35:58 CSV writer error: short write
2025/07/17 20:35:58 Failed to write CSV record: short write
2025/07/17 20:35:58 CSV writer error: short write
2025/07/17 20:35:58 Failed to write CSV record: short write
2025/07/17 20:35:58 CSV writer error: short write
2025/07/17 20:35:58 Failed to write CSV record: short write
2025/07/17 20:35:58 CSV writer error: short write
2025/07/17 20:35:58 Failed to write CSV record: short write
2025/07/17 20:35:58 CSV writer error: short write
2025/07/17 20:35:58 Failed to write CSV record: short write
2025/07/17 20:35:58 CSV writer error: short write
2025/07/17 20:35:58 Failed to write CSV record: short write
2025/07/17 20:35:58 CSV writer error: short write
2025/07/17 20:35:58 Failed to write CSV record: short write
2025/07/17 20:35:58 CSV writer error: short write
2025/07/17 20:35:58 Failed to write CSV record: short write
2025/07/17 20:35:58 CSV writer error: short write
2025/07/17 20:35:58 Failed to write CSV record: short write
2025/07/17 20:35:58 CSV writer error: short write
2025/07/17 20:35:58 Failed to write CSV record: short write
2025/07/17 20:35:58 CSV writer error: short write
2025/07/17 20:35:58 Failed to write CSV record: short write
2025/07/17 20:35:58 CSV writer error: short write
2025/07/17 20:35:58 Failed to write CSV record: short write
2025/07/17 20:35:58 CSV writer error: short write
2025/07/17 20:35:58 Failed to write CSV record: short write
2025/07/17 20:35:58 CSV writer error: short write
2025/07/17 20:35:58 Failed to write CSV record: short write
2025/07/17 20:35:58 CSV writer error: short write
2025/07/17 20:35:59 Failed to write CSV record: short write
2025/07/17 20:35:59 CSV writer error: short write
2025/07/17 20:35:59 Failed to write CSV record: short write
2025/07/17 20:35:59 CSV writer error: short write
2025/07/17 20:35:59 Failed to write CSV record: short write
2025/07/17 20:35:59 CSV writer error: short write
2025/07/17 20:35:59 Failed to write CSV record: short write
2025/07/17 20:35:59 CSV writer error: short write
2025/07/17 20:35:59 Failed to write CSV record: short write
2025/07/17 20:35:59 CSV writer error: short write
2025/07/17 20:35:59 Failed to write CSV record: short write
2025/07/17 20:35:59 CSV writer error: short write
2025/07/17 20:35:59 Failed to write CSV record: short write
2025/07/17 20:35:59 CSV writer error: short write
2025/07/17 20:35:59 Failed to write CSV record: short write
2025/07/17 20:35:59 CSV writer error: short write
2025/07/17 20:35:59 Failed to write CSV record: short write
2025/07/17 20:35:59 CSV writer error: short write
2025/07/17 20:35:59 Failed to write CSV record: short write
2025/07/17 20:35:59 CSV writer error: short write
2025/07/17 20:35:59 Failed to write CSV record: short write
2025/07/17 20:35:59 CSV writer error: short write
2025/07/17 20:36:00 Failed to write CSV record: short write
2025/07/17 20:36:00 CSV writer error: short write
2025/07/17 20:36:00 Failed to write CSV record: short write
2025/07/17 20:36:00 CSV writer error: short write
2025/07/17 20:36:00 Failed to write CSV record: short write
2025/07/17 20:36:00 CSV writer error: short write
2025/07/17 20:36:00 Failed to write CSV record: short write
2025/07/17 20:36:00 CSV writer error: short write
2025/07/17 20:36:00 Failed to write CSV record: short write
2025/07/17 20:36:00 CSV writer error: short write
2025/07/17 20:36:00 Failed to write CSV record: short write
2025/07/17 20:36:00 CSV writer error: short write
2025/07/17 20:36:00 Failed to write CSV record: short write
2025/07/17 20:36:00 CSV writer error: short write
2025/07/17 20:36:00 Failed to write CSV record: short write
2025/07/17 20:36:00 CSV writer error: short write
2025/07/17 20:36:00 Failed to write CSV record: short write
2025/07/17 20:36:00 CSV writer error: short write
2025/07/17 20:36:00 Failed to write CSV record: short write
2025/07/17 20:36:00 CSV writer error: short write
2025/07/17 20:36:00 Failed to write CSV record: short write
2025/07/17 20:36:00 CSV writer error: short write
2025/07/17 20:36:00 Failed to write CSV record: short write
2025/07/17 20:36:00 CSV writer error: short write
2025/07/17 20:36:00 Failed to write CSV record: short write
2025/07/17 20:36:00 CSV writer error: short write
2025/07/17 20:36:00 Failed to write CSV record: short write
2025/07/17 20:36:00 CSV writer error: short write
2025/07/17 20:36:00 Failed to write CSV record: short write
2025/07/17 20:36:00 CSV writer error: short write
2025/07/17 20:36:00 Failed to write CSV record: short write
2025/07/17 20:36:00 CSV writer error: short write
2025/07/17 20:36:00 Failed to write CSV record: short write
2025/07/17 20:36:00 CSV writer error: short write
2025/07/17 20:36:01 Failed to write CSV record: short write
2025/07/17 20:36:01 CSV writer error: short write
2025/07/17 20:36:01 Failed to write CSV record: short write
2025/07/17 20:36:01 CSV writer error: short write
2025/07/17 20:36:01 Failed to write CSV record: short write
2025/07/17 20:36:01 CSV writer error: short write
2025/07/17 20:36:01 Failed to write CSV record: short write
2025/07/17 20:36:01 CSV writer error: short write
